{"cameraMode":{"drawMode":0,"name":"Shaded","section":"Shading Mode"},"sceneLighting":true,"audioPlay":false,"sceneViewState":{"m_AlwaysRefresh":false,"showFog":true,"showSkybox":true,"showFlares":true,"showImageEffects":true,"showParticleSystems":true,"showVisualEffectGraphs":true,"m_FxEnabled":true},"in2DMode":false,"pivot":{"x":2.667572498321533,"y":-12.937419891357422,"z":4.546598434448242},"rotation":{"x":0.30320513248443606,"y":-0.044290054589509967,"z":0.014109255746006966,"w":0.9517917037010193},"size":436.85797119140627,"orthographic":true}